{
    "items_bought": 0,
    "items_gathered": 0,
    "items_sold": 0,
    "iteration": 1,
    "market_prices": {
        "bush": 21.040651321411133,
        "stone": 27.886552810668945,
        "wood": 40.6427001953125
    },
    "total_money_earned": 73,
    "total_money_spent": 127,
    "total_npcs": 0
}
{
    "items_bought": 0,
    "items_gathered": 20,
    "items_sold": 0,
    "iteration": 2,
    "market_prices": {
        "bush": 37.370731353759766,
        "stone": 23.760482788085938,
        "wood": 12.844573974609375
    },
    "total_money_earned": 192,
    "total_money_spent": 460,
    "total_npcs": 2
}
{
    "items_bought": 0,
    "items_gathered": 3,
    "items_sold": 0,
    "iteration": 3,
    "market_prices": {
        "bush": 48.902000427246094,
        "stone": 39.999839782714844,
        "wood": 15.029999732971191
    },
    "total_money_earned": 192,
    "total_money_spent": 460,
    "total_npcs": 4
}
